persona_id,category,name,target_calories,target_protein,weekly_spend_inr,weekly_budget_inr,composite_score,hard_pass,passed_all_gates,failed_gates
"P01","Vegetarian","Balanced Veg Moderate Maintenance",2594,126,2290,1125,82,true,true,""
"P02","Vegetarian","Veg Fat Loss Female Cutter",1391,130,2544,1125,84,true,true,""
"P03","Vegetarian","Veg Muscle Gain Bulker",2966,122,2548,1875,83,true,true,""
"P04","Vegetarian","Veg Sedentary Desk Worker",1478,81,1449,1125,89,true,true,""
"P05","Vegetarian","Veg High Calorie Athlete (5 meals)",3561,148,3157,1875,84,true,true,""
"P06","Vegetarian","Veg Senior Light Active",2080,130,2161,1125,85,true,true,""
"P07","Vegan","Vegan Active Bulker (Zero Dairy)",3403,137,2661,1875,81,true,true,""
"P08","Vegan","Vegan Moderate Fat Loss",1612,120,2004,1125,87,true,true,""
"P09","Vegan","Vegan Maintenance PG Student",2519,117,1803,1125,86,true,true,""
"P10","Vegan","Vegan High Protein Cutter",2206,150,2775,1125,81,true,true,""
"P11","Vegan","Vegan Small Female Light Active",1566,86,1557,1125,88,true,true,""
"P12","Eggetarian","Eggetarian Muscle Gain Bulker",3001,130,2412,1125,85,true,true,""
"P13","Eggetarian","Eggetarian Fat Loss Cutter",2375,170,2548,1125,88,true,true,""
"P14","Eggetarian","Eggetarian Maintenance Female",1707,99,1490,1125,89,true,true,""
"P15","Eggetarian","Eggetarian PG Student",2577,122,1888,1125,87,true,true,""
"P16","Eggetarian","Eggetarian 5-Meal Athlete",3485,144,2849,1875,83,true,true,""
"P17","Non-Veg","Non-Veg Heavy Lifter Bulker",3464,144,2495,1875,87,true,true,""
"P18","Non-Veg","Non-Veg Aggressive Cutter",2476,184,2361,1875,89,true,true,""
"P19","Non-Veg","Non-Veg Female Maintenance",1772,101,1510,1125,89,true,true,""
"P20","Non-Veg","Non-Veg High Calorie Athlete (3500+ kcal)",3612,153,2937,1875,85,true,true,""
"P21","Non-Veg","Non-Veg 2-Meal IF Office Worker",1893,156,2049,1125,88,true,true,""
"P22","Non-Veg","Non-Veg Lean Gain Intermediate",2487,112,2204,1875,93,true,true,""
"P23","Meal Counts","2 Meals per day (Lunch + Dinner IF)",2208,150,2436,1125,78,true,true,""
"P24","Meal Counts","3 Meals per day Standard",2066,108,1742,1125,88,true,true,""
"P25","Meal Counts","4 Meals per day Standard",2937,126,2377,1125,84,true,true,""
"P26","Meal Counts","5+ Meals per day Athletic Spread",3438,140,3198,1875,82,true,true,""
"P27","Allergies","Dairy Allergy (Zero Milk/Curd/Paneer/Ghee)",2527,122,2315,1125,80,true,true,""
"P28","Allergies","Gluten Allergy (Celiac / Wheat-Free)",1752,104,1990,1125,90,true,true,""
"P29","Allergies","Peanut Allergy",2693,133,2089,1125,85,true,true,""
"P30","Allergies","Tree Nut Allergy",1666,94,1651,1125,88,true,true,""
"P31","Allergies","Soy Allergy (Vegan No-Soy)",2468,117,2113,1125,87,true,true,""
"P32","Allergies","Egg Allergy (Non-Veg No-Eggs)",2571,126,2485,1125,80,true,true,""
"P33","Allergies","Multi-Allergy: Dairy + Gluten",1721,99,2024,1125,88,true,true,""
"P34","Allergies","Multi-Allergy: Dairy + Peanut",2660,130,2403,1125,83,true,true,""
"P35","Allergies","Multi-Allergy: Gluten + Soy",2488,122,2761,1125,80,true,true,""
"P36","Allergies","Fish / Shellfish Allergy",1815,104,1576,1125,93,true,true,""
"P37","Equipment","Stove Only (No Blender, No Microwave)",2534,122,2328,1125,81,true,true,""
"P38","Equipment","Kettle Only (Hostel Room Restriction)",0,0,0,0,0,true,true,""
"P39","Equipment","Microwave Only",2658,135,2861,1125,81,true,true,""
"P40","Equipment","No Equipment / None (Cold Prep)",1647,90,2249,1125,83,true,true,""
"P41","Equipment","Full Modern Kitchen",3008,137,2408,1875,86,true,true,""
"P42","Mess & Hostel","Hostel Student 3-Slot Mess (B, L, D)",2511,115,322,500,86,true,true,""
"P43","Mess & Hostel","PG Resident 2-Slot Mess (L, D)",2577,122,498,500,90,true,true,""
"P44","Mess & Hostel","Office Canteen Lunch Mess (1 slot)",2329,137,1510,1125,91,true,true,""
"P45","Mess & Hostel","Hostel Mess + Kettle in room (4 meals)",1724,94,500,500,87,true,true,""
"P46","Mess & Hostel","Strict Budget Hostel Mess (₹1000/mo)",2437,108,250,250,88,true,true,""
"P47","Mess & Hostel","Vegan Student in Hostel Mess",2544,119,499,500,94,true,true,""
"P48","Mess & Hostel","Eggetarian in Hostel Mess (Egg Booster)",2618,126,452,500,91,true,true,""
"P49","Budget","Ultra-Low Budget STRICT (₹1000/mo, ₹250/wk)",0,0,0,0,0,true,true,""
"P50","Budget","Moderate Budget STRICT (₹2000/mo, ₹500/wk)",0,0,0,0,0,true,true,""
"P51","Budget","High Budget FLEXIBLE (₹7500/mo, ₹1875/wk)",3125,144,2518,1875,85,true,true,""
"P52","Workout Timing","Early Morning Workout (06:00:00)",2587,126,2290,1125,83,true,true,""
"P53","Workout Timing","Midday Workout (12:00:00)",2651,135,2171,1125,82,true,true,""
"P54","Workout Timing","Evening Workout (18:30:00)",2062,104,1735,1125,88,true,true,""
"P55","Workout Timing","Late Night Workout (21:30:00)",2639,130,2223,1125,81,true,true,""
"P56","Pantry Stocks","Abundant Staple Pantry Stocked",2534,122,2286,1125,80,true,true,""
"P57","Pantry Stocks","High-Protein Pantry Stocked",2554,126,2366,1125,82,true,true,""
"P58","Pantry Stocks","Empty Pantry (No Available Foods)",1748,101,1536,1125,86,true,true,""
"P59","Avoid / Dislike","Dislikes Bittergourd / Karela & Baingan",2556,122,2286,1125,80,true,true,""
"P60","Avoid / Dislike","Avoids Red Meat & Pork (Chicken/Fish Only)",2670,133,2035,1125,80,true,true,""
"P61","Avoid / Dislike","Avoids Soya / Soya Chunks (Thyroid / Preference)",1779,108,1936,1125,86,true,true,""