recipe_id,recipe_slug,recipe_name,diet_category,production_category,meal_type_category,primary_protein,visible_ingredients,expected_storage_path
e2c9369e-621e-457c-9746-e2a34fe0f62f,aloo-gobi-paneer-phulka,"Aloo Gobi with Low Fat Paneer & Phulkas",vegetarian,Vegetarian,Main Course,"Low Fat Paneer","Aloo Gobi; Chapati / Phulka; Low Fat Paneer",recipe-images/aloo-gobi-paneer-phulka/v1/{sha256}.webp
987b7ac9-2f95-4606-a945-84aaad766cb0,aloo-gobi-phulka,"Aloo Gobi Homestyle with Phulkas & Yellow Dal",vegan,Vegan,Main Course,"Yellow Moong Dal","Chapati / Phulka; Yellow Moong Dal; Aloo Gobi",recipe-images/aloo-gobi-phulka/v1/{sha256}.webp
c04c3990-8801-46b4-989c-cb9c24bab2e9,aloo-paratha-dahi,"Punjabi Aloo Paratha with Plain Dahi",vegetarian,Vegetarian,Breakfast,"Curd / Dahi (Plain)","Aloo Paratha; Curd / Dahi (Plain)",recipe-images/aloo-paratha-dahi/v1/{sha256}.webp
a0950b64-4498-421a-b853-0296a7bfe431,baingan-bharta-dahi-phulka,"Baingan Bharta with Curd & Chapati with Ghee",vegetarian,Vegetarian,Main Course,"Curd / Dahi (Plain)","Baingan Bharta (Roasted Eggplant); Curd / Dahi (Plain); Chapati with Ghee",recipe-images/baingan-bharta-dahi-phulka/v1/{sha256}.webp
c91d7cb1-9348-4ee0-b4fc-ba3ac82c3d4a,baingan-bharta-phulka,"Baingan Bharta with Multigrain Roti & Chana",vegan,Vegan,Main Course,"Roasted Chana (Dry Chickpeas)","Baingan Bharta (Roasted Eggplant); Multigrain Roti",recipe-images/baingan-bharta-phulka/v1/{sha256}.webp
a3e4943e-823d-42a9-a721-6c55bf81efb5,besan-cheela-paneer-stuffing,"Besan Cheela with Grated Low Fat Paneer",vegetarian,Vegetarian,Breakfast,"Low Fat Paneer","Besan Cheela; Low Fat Paneer",recipe-images/besan-cheela-paneer-stuffing/v1/{sha256}.webp
914f4d3f-4352-4658-bce7-f7ae4ae8f8f4,bhindi-masala-phulka,"Homestyle Bhindi Masala with Phulkas & Dal",vegan,Vegan,Main Course,"Yellow Moong Dal","Yellow Moong Dal; Bhindi Masala (Okra); Chapati / Phulka",recipe-images/bhindi-masala-phulka/v1/{sha256}.webp
195db58c-a810-4f71-8754-8a4bf0c76f0d,bhindi-masala-yellow-dal-phulka,"Bhindi Masala with Yellow Dal & Chapati with Ghee",vegetarian,Vegetarian,Main Course,"Yellow Moong Dal","Chapati with Ghee; Bhindi Masala (Okra); Yellow Moong Dal",recipe-images/bhindi-masala-yellow-dal-phulka/v1/{sha256}.webp
e324ecfe-1061-4f50-a79b-acd33677ac13,boiled-chicken-apple-snack,"Boiled Chicken Breast Slices with Crisp Apple",non-veg,Chicken,Main Course,"Boiled Chicken Breast","Apple; Boiled Chicken Breast",recipe-images/boiled-chicken-apple-snack/v1/{sha256}.webp
4ee76928-dc8b-4f66-a307-18f7513db7cb,boiled-chicken-brown-toast,"Boiled Chicken Breast with Brown Bread Toast",non-veg,Chicken,Breakfast,"Boiled Chicken Breast","Brown Bread; Boiled Chicken Breast",recipe-images/boiled-chicken-brown-toast/v1/{sha256}.webp
23803c6e-350a-45f5-a814-2827c37a2b6c,boiled-chicken-sweet-potato,"Boiled Chicken Breast with Sweet Potato",non-veg,Chicken,Main Course,"Boiled Chicken Breast","Boiled Sweet Potato; Boiled Chicken Breast",recipe-images/boiled-chicken-sweet-potato/v1/{sha256}.webp
74072fca-fe6c-4df3-b873-e3f0c77ff269,boiled-egg-roasted-peanuts,"Boiled Eggs with Roasted Peanuts",eggetarian,Eggetarian,Breakfast,"Boiled Egg (Whole)","Roasted Peanuts; Boiled Egg (Whole)",recipe-images/boiled-egg-roasted-peanuts/v1/{sha256}.webp
95832cee-2522-4012-8bf4-17abf9f8a000,boiled-egg-whites-green-tea,"Boiled Egg Whites with Chaat Masala & Green Tea",eggetarian,Eggetarian,Breakfast,"Boiled Egg White","Boiled Egg White",recipe-images/boiled-egg-whites-green-tea/v1/{sha256}.webp
57b0eaea-e645-4545-affa-6aa6c27c75c6,boiled-egg-whites-phulka,"Boiled Eggs with Hot Phulkas & Salad",eggetarian,Eggetarian,Breakfast,"Boiled Egg (Whole)","Boiled Egg (Whole); Chapati / Phulka",recipe-images/boiled-egg-whites-phulka/v1/{sha256}.webp
ead6b2b2-f375-45f4-8836-999a07fb5651,boiled-egg-whites-poha,"Boiled Egg Whites with Homestyle Poha",eggetarian,Eggetarian,Breakfast,"Boiled Egg White","Poha; Boiled Egg White",recipe-images/boiled-egg-whites-poha/v1/{sha256}.webp
11e7be8c-88d5-4052-9c53-379654e0a4c2,boiled-egg-whites-sweet-potato-salad,"Boiled Egg Whites with Sweet Potato & Cucumber Salad",eggetarian,Eggetarian,Breakfast,"Boiled Egg White","Boiled Sweet Potato; Boiled Egg (Whole); Boiled Egg White",recipe-images/boiled-egg-whites-sweet-potato-salad/v1/{sha256}.webp
13d1f262-ee26-4119-8d0f-9d903270fb4f,boiled-eggs-apple-snack,"Hard Boiled Eggs with Crisp Apple",eggetarian,Eggetarian,Breakfast,"Boiled Egg (Whole)","Boiled Egg (Whole); Apple",recipe-images/boiled-eggs-apple-snack/v1/{sha256}.webp
9aafd3f2-4ee6-45db-b356-c339360833eb,boiled-eggs-banana-pb,"Boiled Eggs with Banana & Peanut Butter",eggetarian,Eggetarian,Breakfast,"Boiled Egg (Whole)","Boiled Egg (Whole); Banana",recipe-images/boiled-eggs-banana-pb/v1/{sha256}.webp
0f61a8ac-c897-4f6b-bc01-28e008eafe16,boiled-eggs-black-coffee,"Hard Boiled Eggs with Black Coffee",eggetarian,Eggetarian,Breakfast,"Boiled Egg (Whole)","Black Coffee; Boiled Egg (Whole)",recipe-images/boiled-eggs-black-coffee/v1/{sha256}.webp
c0686b35-d535-4bdd-98e8-a102355c1e2c,boiled-eggs-chana-dal-phulka,"Boiled Eggs with Chana Dal Curry & Phulkas",eggetarian,Eggetarian,Breakfast,"Boiled Egg (Whole)","Boiled Egg (Whole); Chana Dal Curry; Chapati / Phulka",recipe-images/boiled-eggs-chana-dal-phulka/v1/{sha256}.webp
02b1f596-c563-422c-8b06-2db376230753,boiled-eggs-chole-masala-rice,"Boiled Eggs with Chole Masala & Steamed Rice",eggetarian,Eggetarian,Breakfast,"Boiled Egg (Whole)","White Rice (Steamed); Boiled Egg (Whole); Chole / Chana Masala",recipe-images/boiled-eggs-chole-masala-rice/v1/{sha256}.webp
8d65c618-cbdb-44c9-8e71-90999502608f,boiled-eggs-dal-fry-rice,"Boiled Eggs with Dal Fry & Steamed White Rice",eggetarian,Eggetarian,Breakfast,"Boiled Egg (Whole)","Dal Fry; Boiled Egg (Whole); White Rice (Steamed)",recipe-images/boiled-eggs-dal-fry-rice/v1/{sha256}.webp
f9912172-c888-481c-a3ee-d55daff3e636,boiled-eggs-dal-tadka-phulka,"Boiled Eggs with Dal Tadka & Hot Phulkas",eggetarian,Eggetarian,Breakfast,"Boiled Egg (Whole)","Chapati / Phulka; Dal Tadka; Boiled Egg (Whole)",recipe-images/boiled-eggs-dal-tadka-phulka/v1/{sha256}.webp
d1845479-606f-4dcc-a05f-22bba856eec3,boiled-eggs-kala-chana-phulka,"Boiled Eggs with Kala Chana Curry & Phulkas",eggetarian,Eggetarian,Breakfast,"Boiled Egg (Whole)","Kala Chana Curry; Chapati / Phulka; Boiled Egg (Whole)",recipe-images/boiled-eggs-kala-chana-phulka/v1/{sha256}.webp
5b38ae81-e4c7-43d7-ae8e-9b80448663fb,boiled-eggs-kala-chana-rice,"Boiled Eggs with Kala Chana Curry & Brown Rice",eggetarian,Eggetarian,Breakfast,"Boiled Egg (Whole)","Brown Rice (Cooked); Boiled Egg (Whole); Kala Chana Curry",recipe-images/boiled-eggs-kala-chana-rice/v1/{sha256}.webp
0bb2ab1b-fae3-4782-82f6-a083ed3b079d,boiled-eggs-lobia-masala-rice,"Boiled Eggs with Lobia Masala & Steamed Rice",eggetarian,Eggetarian,Breakfast,"Boiled Egg (Whole)","White Rice (Steamed); Lobia (Black Eyed Peas Curry); Boiled Egg (Whole)",recipe-images/boiled-eggs-lobia-masala-rice/v1/{sha256}.webp
5466c0c2-dcbf-4c92-a0c3-c8e80ca053ae,boiled-eggs-masala-oats,"Boiled Eggs with Savory Masala Oats",eggetarian,Eggetarian,Breakfast,"Boiled Egg (Whole)","Boiled Egg (Whole); Masala Oats",recipe-images/boiled-eggs-masala-oats/v1/{sha256}.webp
bd7b4456-2c35-4ec8-b389-d790aadcda2e,boiled-eggs-masoor-dal-phulka,"Boiled Eggs with Masoor Dal & Multigrain Roti",eggetarian,Eggetarian,Breakfast,"Boiled Egg (Whole)","Boiled Egg (Whole); Multigrain Roti; Masoor Dal (Red Lentil)",recipe-images/boiled-eggs-masoor-dal-phulka/v1/{sha256}.webp
bf9b3f0d-e84d-4c79-b143-648f90dd692e,boiled-eggs-punjabi-rajma-phulka,"Boiled Eggs with Punjabi Rajma & Hot Phulkas",eggetarian,Eggetarian,Breakfast,"Boiled Egg (Whole)","Chapati / Phulka; Boiled Egg (Whole); Rajma (Kidney Beans Curry)",recipe-images/boiled-eggs-punjabi-rajma-phulka/v1/{sha256}.webp
351a48f0-c24a-4075-b704-c64ef2d00a4b,boiled-eggs-punjabi-rajma-rice,"Boiled Eggs with Punjabi Rajma & Steamed Rice",eggetarian,Eggetarian,Breakfast,"Boiled Egg (Whole)","White Rice (Steamed); Boiled Egg (Whole); Rajma (Kidney Beans Curry)",recipe-images/boiled-eggs-punjabi-rajma-rice/v1/{sha256}.webp
90a9cb5e-2e84-4a1c-9a7e-303db75b11f7,boiled-eggs-rasam-rice,"Boiled Eggs with South Indian Rasam Rice",eggetarian,Eggetarian,Breakfast,"Boiled Egg (Whole)","White Rice (Steamed); Rasam; Boiled Egg (Whole)",recipe-images/boiled-eggs-rasam-rice/v1/{sha256}.webp
27397c5f-dc33-4617-bd69-592e5cfd1657,boiled-eggs-sambar-rice,"Boiled Eggs with South Indian Sambar Rice",eggetarian,Eggetarian,Breakfast,"Boiled Egg (Whole)","Boiled Egg (Whole); Sambar Rice",recipe-images/boiled-eggs-sambar-rice/v1/{sha256}.webp
0fe7b460-7d3e-47db-aa6e-6443b42b1b06,boiled-eggs-sweet-potato,"Boiled Eggs with Boiled Sweet Potato",eggetarian,Eggetarian,Breakfast,"Boiled Egg (Whole)","Boiled Egg (Whole); Boiled Sweet Potato",recipe-images/boiled-eggs-sweet-potato/v1/{sha256}.webp
757a51d5-77bd-4d3f-b10f-5eae9ad85e63,boiled-eggs-toor-dal-phulka,"Boiled Eggs with Toor Dal & Hot Phulkas",eggetarian,Eggetarian,Breakfast,"Boiled Egg (Whole)","Chapati / Phulka; Boiled Egg (Whole); Toor Dal (Arhar Dal)",recipe-images/boiled-eggs-toor-dal-phulka/v1/{sha256}.webp
463b88da-df25-442d-a0dc-e03f745139c2,canned-tuna-boiled-eggs-toast,"Tuna & Boiled Egg Whites on Toast",non-veg,Fish,Breakfast,"Canned Tuna (in Water)","Brown Bread; Canned Tuna (in Water); Boiled Egg White",recipe-images/canned-tuna-boiled-eggs-toast/v1/{sha256}.webp
83234b18-388c-4c63-af2f-437e988f6a7b,canned-tuna-brown-rice-salad,"Tuna & Brown Rice Fitness Bowl",non-veg,Fish,Main Course,"Canned Tuna (in Water)","Brown Rice (Cooked); Canned Tuna (in Water); Boiled Broccoli",recipe-images/canned-tuna-brown-rice-salad/v1/{sha256}.webp
f01a626f-5449-49e4-aeeb-aa46c8a98ed8,canned-tuna-brown-toast,"High-Protein Tuna on Brown Bread Toast",non-veg,Fish,Breakfast,"Canned Tuna (in Water)","Brown Bread; Canned Tuna (in Water)",recipe-images/canned-tuna-brown-toast/v1/{sha256}.webp
4a4bf62e-b521-4577-92a1-ab7a9f96ed4a,canned-tuna-rice-bowl,"Quick Tuna & Basmati Rice Bowl",non-veg,Fish,Main Course,"Canned Tuna (in Water)","Canned Tuna (in Water); White Rice (Steamed)",recipe-images/canned-tuna-rice-bowl/v1/{sha256}.webp
98440ff1-bf35-4f9e-9c03-e660a07ce5ab,chaas-roasted-chana,"Salted Chaas (Buttermilk) with Roasted Chana",vegetarian,Vegetarian,Snacks,"Roasted Chana (Dry Chickpeas)","Chaas / Buttermilk (Salted); Roasted Chana (Dry Chickpeas)",recipe-images/chaas-roasted-chana/v1/{sha256}.webp
48b7dc8b-9b1a-4515-8e51-2c1438c4bb54,chana-dal-phulka,"Chana Dal Curry with Multigrain Roti",vegan,Vegan,Main Course,"Chana Dal Curry","Multigrain Roti; Chana Dal Curry",recipe-images/chana-dal-phulka/v1/{sha256}.webp
643508e5-ef2f-4765-b2cc-eb0c9e3b6a40,cheese-toast-chai,"Whole Wheat Cheese Toast with Indian Masala Chai",vegetarian,Vegetarian,Breakfast,"Cheese Slice (Amul / Britannia)","Indian Chai with Milk; Cheese Slice (Amul / Britannia); Whole Wheat Bread",recipe-images/cheese-toast-chai/v1/{sha256}.webp
8fdf246a-c3fe-4aaf-b33f-888dc57d702e,chicken-biryani-homestyle,"Homestyle Chicken Biryani with Cucumber Salad",non-veg,Chicken,Snacks,"Chicken Biryani","Chicken Biryani",recipe-images/chicken-biryani-homestyle/v1/{sha256}.webp
5ca0358e-81da-48bb-8d04-9b9f237d4db0,chicken-breast-chole-phulka,"Grilled Chicken Breast with Chole & Multigrain Roti",non-veg,Chicken,Main Course,"Chicken Breast (Grilled / Cooked)","Multigrain Roti; Chicken Breast (Grilled / Cooked); Chole / Chana Masala",recipe-images/chicken-breast-chole-phulka/v1/{sha256}.webp
04dfe175-5c66-47f8-b03e-a6648e25bbcc,chicken-breast-dal-tadka-phulka,"Grilled Chicken Breast with Dal Tadka & Phulkas",non-veg,Chicken,Main Course,"Chicken Breast (Grilled / Cooked)","Chapati / Phulka; Dal Tadka; Chicken Breast (Grilled / Cooked)",recipe-images/chicken-breast-dal-tadka-phulka/v1/{sha256}.webp
d7845915-3fb2-4500-b3ea-8cd1e876f84b,chicken-breast-dal-tadka-rice,"Grilled Chicken Breast with Dal Tadka & Rice",non-veg,Chicken,Main Course,"Chicken Breast (Grilled / Cooked)","White Rice (Steamed); Chicken Breast (Grilled / Cooked); Dal Tadka",recipe-images/chicken-breast-dal-tadka-rice/v1/{sha256}.webp
f08214c5-c143-4826-92ba-745391813886,chicken-breast-egg-whites-power-bowl,"Chicken Breast & Egg White Power Bowl with Rice",non-veg,Chicken,Main Course,"Chicken Breast (Grilled / Cooked)","Boiled Egg White; Chicken Breast (Grilled / Cooked); White Rice (Steamed)",recipe-images/chicken-breast-egg-whites-power-bowl/v1/{sha256}.webp
87b3ee85-3a41-43cf-8e7c-84ad9c14c7a1,chicken-breast-egg-whites-sweet-potato,"Chicken & Egg White Comp Prep Bowl with Sweet Potato",non-veg,Chicken,Main Course,"Boiled Chicken Breast","Boiled Sweet Potato; Boiled Egg White; Boiled Chicken Breast",recipe-images/chicken-breast-egg-whites-sweet-potato/v1/{sha256}.webp
c3140324-c511-4fb2-bb61-3805b9fcd330,chicken-breast-moong-khichdi,"Boiled Chicken Breast with Moong Dal Khichdi",non-veg,Chicken,Main Course,"Boiled Chicken Breast","Boiled Chicken Breast; Moong Dal Khichdi",recipe-images/chicken-breast-moong-khichdi/v1/{sha256}.webp
9b3d4c29-d089-476f-ad2b-703bce604504,chicken-breast-quinoa-broccoli,"Grilled Chicken Breast with Steamed Quinoa & Broccoli",non-veg,Chicken,Main Course,"Chicken Breast (Grilled / Cooked)","Quinoa (Cooked); Boiled Broccoli; Chicken Breast (Grilled / Cooked)",recipe-images/chicken-breast-quinoa-broccoli/v1/{sha256}.webp
558d4af6-3c26-4374-bc35-ee94fc9426ed,chicken-breast-rajma-rice,"Grilled Chicken Breast with Punjabi Rajma & Rice",non-veg,Chicken,Main Course,"Chicken Breast (Grilled / Cooked)","Rajma (Kidney Beans Curry); White Rice (Steamed); Chicken Breast (Grilled / Cooked)",recipe-images/chicken-breast-rajma-rice/v1/{sha256}.webp
a668f197-f6c0-4118-b49a-9972a60c8514,chicken-curry-jeera-rice,"Chicken Curry with Fragrant Jeera Rice",non-veg,Chicken,Main Course,"Chicken Curry (Home Style)","Chicken Curry (Home Style); Jeera Rice",recipe-images/chicken-curry-jeera-rice/v1/{sha256}.webp
ca541d5b-b0a9-4885-9f99-0c745907abed,chicken-curry-multigrain-roti,"Chicken Curry with Multigrain Roti",non-veg,Chicken,Main Course,"Chicken Curry (Home Style)","Chicken Curry (Home Style); Multigrain Roti",recipe-images/chicken-curry-multigrain-roti/v1/{sha256}.webp
f229e99e-1d54-4644-9dbd-bec4804c466e,chicken-keema-brown-toast,"Chicken Keema on Brown Bread Toast",non-veg,Chicken,Breakfast,"Chicken Keema","Chicken Keema; Brown Bread",recipe-images/chicken-keema-brown-toast/v1/{sha256}.webp
d20eaf2e-0e5c-4de4-8832-bf4e1ebd3eec,chicken-keema-jeera-rice,"Chicken Keema with Fragrant Jeera Rice",non-veg,Chicken,Main Course,"Chicken Keema","Jeera Rice; Chicken Keema",recipe-images/chicken-keema-jeera-rice/v1/{sha256}.webp
511510fa-6b18-453a-9f8e-a2752e7bd9e7,chicken-keema-phulka,"Indian Chicken Keema with Hot Phulkas",non-veg,Chicken,Main Course,"Chicken Keema","Chicken Keema; Chapati / Phulka",recipe-images/chicken-keema-phulka/v1/{sha256}.webp
bfc1b395-992e-4ff3-8c17-07735005946c,chicken-tikka-brown-rice,"Chicken Tikka with Steamed Brown Rice",non-veg,Chicken,Main Course,"Chicken Tikka","Boiled Broccoli; Chicken Tikka; Brown Rice (Cooked)",recipe-images/chicken-tikka-brown-rice/v1/{sha256}.webp
eae33718-c209-4a34-98bf-8d20ecb0073f,chicken-tikka-green-tea-snack,"Chicken Tikka Skewers with Lemon & Green Tea",non-veg,Chicken,Main Course,"Chicken Tikka","Chicken Tikka",recipe-images/chicken-tikka-green-tea-snack/v1/{sha256}.webp
8312d616-c7b6-4584-94b7-eda446e2d1fa,chicken-tikka-platter-phulka,"Chicken Tikka Platter with Phulkas & Salad",non-veg,Chicken,Snacks,"Chicken Tikka","Chapati / Phulka; Chicken Tikka; Green Salad with Lemon",recipe-images/chicken-tikka-platter-phulka/v1/{sha256}.webp
625853f2-7b9c-4135-9d9b-e50ba111a4fc,chicken-tikka-steamed-rice,"Chicken Tikka with Steamed Basmati Rice",non-veg,Chicken,Main Course,"Chicken Tikka","White Rice (Steamed); Chicken Tikka",recipe-images/chicken-tikka-steamed-rice/v1/{sha256}.webp
dcebad05-8077-4fec-b10d-8037d25b5403,chole-masala-curd-rice,"Chole Masala with Steamed Rice & Salted Chaas",vegetarian,Vegetarian,Drinks / Sides,"Chole / Chana Masala","Chole / Chana Masala; White Rice (Steamed); Chaas / Buttermilk (Salted)",recipe-images/chole-masala-curd-rice/v1/{sha256}.webp
ae9cde60-38ad-43b2-8359-0e89ff28d0ae,chole-masala-phulka,"Chole Masala with Multigrain Roti",vegan,Vegan,Main Course,"Chole / Chana Masala","Multigrain Roti; Chole / Chana Masala",recipe-images/chole-masala-phulka/v1/{sha256}.webp
a1390b27-bf0b-40e8-af96-04e7c6d27ec4,chole-masala-rice,"Chole Masala with Steamed Basmati Rice",vegan,Vegan,Main Course,"Chole / Chana Masala","White Rice (Steamed); Chole / Chana Masala",recipe-images/chole-masala-rice/v1/{sha256}.webp
d2e8d505-454f-4f54-9c32-efa62a31ce0f,curd-banana-walnuts,"Plain Curd Bowl with Sliced Banana & Walnuts",vegetarian,Vegetarian,Main Course,"Curd / Dahi (Plain)","Banana",recipe-images/curd-banana-walnuts/v1/{sha256}.webp
6b5b29ea-4e9f-4f16-9422-43c9cba211fc,curd-rice-paneer-tikka,"South Indian Curd Rice with Grilled Paneer Tikka",vegetarian,Vegetarian,Main Course,"Grilled Paneer / Paneer Tikka","Curd Rice; Grilled Paneer / Paneer Tikka",recipe-images/curd-rice-paneer-tikka/v1/{sha256}.webp
759dd17a-3835-42f8-904a-dd925e99e801,curd-rice-tadka-cucumber,"South Indian Curd Rice with Tadka & Cucumber Salad",vegetarian,Vegetarian,Snacks,"Curd Rice","Curd Rice",recipe-images/curd-rice-tadka-cucumber/v1/{sha256}.webp
ed02a4b5-ff89-49fd-a423-1c2bc89e6228,dal-fry-ghee-phulka-dahi,"Dal Fry with Ghee Phulka & Plain Curd",vegetarian,Vegetarian,Main Course,"Dal Fry","Chapati with Ghee; Curd / Dahi (Plain); Dal Fry",recipe-images/dal-fry-ghee-phulka-dahi/v1/{sha256}.webp
942e1c99-91d5-4b87-9e86-64fd6771d19d,dal-tadka-paneer-bhurji-phulka,"Dal Tadka with Paneer Bhurji & Phulkas",vegetarian,Vegetarian,Main Course,"Paneer Bhurji","Paneer Bhurji; Chapati / Phulka; Dal Tadka",recipe-images/dal-tadka-paneer-bhurji-phulka/v1/{sha256}.webp
9b1a67b2-641b-4d1b-888c-f0da1c165fdd,dal-tadka-paneer-rice,"Dal Tadka with Steamed Rice & Low Fat Paneer",vegetarian,Vegetarian,Main Course,"Low Fat Paneer","Dal Tadka; Low Fat Paneer; White Rice (Steamed)",recipe-images/dal-tadka-paneer-rice/v1/{sha256}.webp
e213724e-57b3-4bc2-965a-438baf919ccb,double-toned-milk-dates,"Double Toned Skimmed Milk with Medjool Dates",vegetarian,Vegetarian,Drinks / Sides,"Double Toned / Skimmed Milk","Double Toned / Skimmed Milk; Medjool Dates (Khajoor)",recipe-images/double-toned-milk-dates/v1/{sha256}.webp
bd424735-a403-4c36-8be6-5e8c07ed9a6f,egg-bhurji-aloo-gobi-phulka,"Egg Bhurji with Aloo Gobi & Hot Phulkas",eggetarian,Eggetarian,Main Course,"Egg Bhurji (Indian Scramble)","Aloo Gobi; Egg Bhurji (Indian Scramble); Chapati / Phulka",recipe-images/egg-bhurji-aloo-gobi-phulka/v1/{sha256}.webp
09709dd5-0d13-474f-bcc9-072d2f61fad6,egg-bhurji-bhindi-masala-phulka,"Egg Bhurji with Homestyle Bhindi Masala & Phulkas",eggetarian,Eggetarian,Main Course,"Egg Bhurji (Indian Scramble)","Egg Bhurji (Indian Scramble); Bhindi Masala (Okra); Chapati / Phulka",recipe-images/egg-bhurji-bhindi-masala-phulka/v1/{sha256}.webp
4a27a917-8dcd-4445-b311-bfa37419becb,egg-bhurji-dal-fry-rice,"Egg Bhurji with Dal Fry & Steamed Basmati Rice",eggetarian,Eggetarian,Main Course,"Egg Bhurji (Indian Scramble)","Dal Fry; Egg Bhurji (Indian Scramble); White Rice (Steamed)",recipe-images/egg-bhurji-dal-fry-rice/v1/{sha256}.webp
ea99ab6d-c6c6-4ee0-a84d-8d4e914b975b,egg-bhurji-dal-tadka-phulka,"Egg Bhurji with Yellow Dal Tadka & Phulkas",eggetarian,Eggetarian,Main Course,"Egg Bhurji (Indian Scramble)","Chapati / Phulka; Dal Tadka; Egg Bhurji (Indian Scramble)",recipe-images/egg-bhurji-dal-tadka-phulka/v1/{sha256}.webp
5e508b0e-3870-4080-85ad-1cd56e237281,egg-bhurji-mixed-veg-phulka,"Egg Bhurji with Mixed Veg Sabzi & Phulkas",eggetarian,Eggetarian,Main Course,"Egg Bhurji (Indian Scramble)","Mixed Vegetable Sabzi; Egg Bhurji (Indian Scramble); Chapati / Phulka",recipe-images/egg-bhurji-mixed-veg-phulka/v1/{sha256}.webp
a3d58424-1649-4739-9dc5-3d0e48af5dc9,egg-bhurji-multigrain-roti,"Indian Egg Bhurji with Multigrain Roti",eggetarian,Eggetarian,Main Course,"Egg Bhurji (Indian Scramble)","Egg Bhurji (Indian Scramble); Multigrain Roti",recipe-images/egg-bhurji-multigrain-roti/v1/{sha256}.webp
15645ffa-8226-424b-beaf-7bcf2aa18f14,egg-bhurji-poha,"Spiced Egg Bhurji with Homestyle Poha",eggetarian,Eggetarian,Breakfast,"Egg Bhurji (Indian Scramble)","Egg Bhurji (Indian Scramble); Poha",recipe-images/egg-bhurji-poha/v1/{sha256}.webp
1d1e2b88-522e-4873-8489-ab28ad963c37,egg-bhurji-upma,"Spicy Egg Bhurji with Vegetable Upma",eggetarian,Eggetarian,Breakfast,"Egg Bhurji (Indian Scramble)","Egg Bhurji (Indian Scramble); Upma",recipe-images/egg-bhurji-upma/v1/{sha256}.webp
0840d650-eede-43c4-8575-35fd039f37d0,egg-biryani-homestyle,"Homestyle Egg Biryani with Cucumber Salad",eggetarian,Eggetarian,Snacks,"Egg Biryani","Egg Biryani",recipe-images/egg-biryani-homestyle/v1/{sha256}.webp
79ed3499-8121-4311-a1b8-bddbfac42f94,egg-curry-brown-rice,"Egg Curry with Steamed Brown Rice",eggetarian,Eggetarian,Main Course,"Egg Curry (2 Eggs)","Brown Rice (Cooked); Egg Curry (2 Eggs)",recipe-images/egg-curry-brown-rice/v1/{sha256}.webp
8ba3cb9a-f398-40d4-9432-6e10128d166e,egg-curry-jeera-rice,"Egg Curry with Fragrant Jeera Rice",eggetarian,Eggetarian,Main Course,"Egg Curry (2 Eggs)","Jeera Rice; Egg Curry (2 Eggs)",recipe-images/egg-curry-jeera-rice/v1/{sha256}.webp
42ec4bf5-69e6-4ff8-9fa3-e3df5f5636f0,egg-omelette-brown-toast,"Masala Egg Omelette with Brown Bread Toast",eggetarian,Eggetarian,Breakfast,"Egg Omelette","Brown Bread; Egg Omelette",recipe-images/egg-omelette-brown-toast/v1/{sha256}.webp
b5030a0a-17ae-48a9-92d9-a6572ac63b03,egg-white-cucumber-chaat,"Boiled Egg White Chaat with Cucumber & Lemon",eggetarian,Eggetarian,Breakfast,"Boiled Egg White","Boiled Egg White; Fresh Cucumber",recipe-images/egg-white-cucumber-chaat/v1/{sha256}.webp
69bac342-5aeb-457c-8e97-0da4edb896ca,egg-white-omelette-broccoli,"Egg White Omelette with Steamed Broccoli & Toast",eggetarian,Eggetarian,Breakfast,"Egg Omelette","Egg Omelette",recipe-images/egg-white-omelette-broccoli/v1/{sha256}.webp
6491d1d6-7c07-411a-9233-5bbc778af458,egg-white-scramble-quinoa-broccoli,"Egg White Scramble with Steamed Quinoa & Broccoli",eggetarian,Eggetarian,Main Course,"Boiled Egg White","Boiled Egg (Whole); Boiled Broccoli; Boiled Egg White; Quinoa (Cooked)",recipe-images/egg-white-scramble-quinoa-broccoli/v1/{sha256}.webp
4a9478e0-d3c1-4f2f-9b52-ec4d0e3ae401,filter-coffee-milk-makhana,"Filter Coffee with Milk & Roasted Makhana",vegetarian,Vegetarian,Drinks / Sides,"Roasted Makhana (Fox Nuts)","Roasted Makhana (Fox Nuts); Filter Coffee with Milk",recipe-images/filter-coffee-milk-makhana/v1/{sha256}.webp
eea6487b-c4e0-4581-9cb3-c85e4862347e,fish-curry-brown-rice,"Fish Curry with Steamed Brown Rice",non-veg,Fish,Main Course,"Fish Curry (Rohu / Indian Carp)","Brown Rice (Cooked); Boiled Broccoli; Fish Curry (Rohu / Indian Carp)",recipe-images/fish-curry-brown-rice/v1/{sha256}.webp
7a6493b8-ac69-43d1-9d49-5782280160ea,fish-curry-chole-rice,"Fish Curry with Chole Masala & Rice",non-veg,Fish,Main Course,"Fish Curry (Rohu / Indian Carp)","Fish Curry (Rohu / Indian Carp); White Rice (Steamed); Chole / Chana Masala",recipe-images/fish-curry-chole-rice/v1/{sha256}.webp
cce96c12-c72d-4435-992b-98f4502a3a78,fish-curry-dal-tadka-rice,"Fish Curry with Dal Tadka & Rice",non-veg,Fish,Main Course,"Fish Curry (Rohu / Indian Carp)","Dal Tadka; Fish Curry (Rohu / Indian Carp); White Rice (Steamed)",recipe-images/fish-curry-dal-tadka-rice/v1/{sha256}.webp
45af4090-1756-4dd4-a0c5-c3b98aa136fc,fish-curry-jeera-rice,"Fish Curry with Fragrant Jeera Rice",non-veg,Fish,Main Course,"Fish Curry (Rohu / Indian Carp)","Jeera Rice; Fish Curry (Rohu / Indian Carp)",recipe-images/fish-curry-jeera-rice/v1/{sha256}.webp
b0c2d388-fa79-45b4-bc99-c7ea1966b325,fish-curry-phulka,"Homestyle Fish Curry with Hot Phulkas",non-veg,Fish,Main Course,"Fish Curry (Rohu / Indian Carp)","Chapati / Phulka; Fish Curry (Rohu / Indian Carp)",recipe-images/fish-curry-phulka/v1/{sha256}.webp
3a86d158-35cc-4a0e-8e80-237b6fb396f6,fish-curry-steamed-rice,"Homestyle Fish Curry with Steamed Rice",non-veg,Fish,Main Course,"Fish Curry (Rohu / Indian Carp)","White Rice (Steamed); Fish Curry (Rohu / Indian Carp)",recipe-images/fish-curry-steamed-rice/v1/{sha256}.webp
9896a89b-c9dd-4055-ba76-05c2e56e0a42,fresh-fruit-platter-chia,"Fresh Indian Fruit Platter with Chia Seeds",vegan,Vegan,Main Course,"Chia Seeds","Apple; Chia Seeds",recipe-images/fresh-fruit-platter-chia/v1/{sha256}.webp
ee5acab2-51a4-499c-befa-fed0c505cbd3,gluten-free-egg-curry-rice,"Gluten-Free Egg Curry with Steamed Rice",eggetarian,Eggetarian,Main Course,"Egg Curry (2 Eggs)","Egg Curry (2 Eggs); White Rice (Steamed)",recipe-images/gluten-free-egg-curry-rice/v1/{sha256}.webp
9a0965bd-8e89-4831-ad6f-e857c76302e5,gobi-paratha-chaas,"Gobi Paratha with Salted Chaas (Buttermilk)",vegetarian,Vegetarian,Breakfast,"Gobi Paratha","Gobi Paratha; Chaas / Buttermilk (Salted)",recipe-images/gobi-paratha-chaas/v1/{sha256}.webp
2ff81b10-89b3-4ee0-ac0b-5f0c5e5d50da,greek-yogurt-apple-chia,"Greek Yogurt with Apple Slices & Chia Seeds",vegetarian,Vegetarian,Main Course,"Greek Yogurt (Plain)","Greek Yogurt (Plain); Apple",recipe-images/greek-yogurt-apple-chia/v1/{sha256}.webp
9d7eb842-d2cc-4b5f-bbeb-e61fe43adce6,greek-yogurt-banana-walnuts,"Greek Yogurt Bowl with Banana & Walnuts",vegetarian,Vegetarian,Main Course,"Greek Yogurt (Plain)","Greek Yogurt (Plain)",recipe-images/greek-yogurt-banana-walnuts/v1/{sha256}.webp
0f21e079-4f34-4f69-b096-b6ae8f853588,grilled-chicken-brown-rice,"Grilled Chicken Breast with Brown Rice & Broccoli",non-veg,Chicken,Main Course,"Chicken Breast (Grilled / Cooked)","Boiled Broccoli; Chicken Breast (Grilled / Cooked); Brown Rice (Cooked)",recipe-images/grilled-chicken-brown-rice/v1/{sha256}.webp
569e742c-4680-47ab-9da4-7865a1208a8b,grilled-chicken-brown-rice-dal,"Grilled Chicken Breast with Brown Rice & Dal",non-veg,Chicken,Main Course,"Chicken Breast (Grilled / Cooked)","Dal Tadka; Chicken Breast (Grilled / Cooked); Brown Rice (Cooked)",recipe-images/grilled-chicken-brown-rice-dal/v1/{sha256}.webp
f6f6a238-69b5-4c71-bfbb-2c56d22e7f5a,grilled-chicken-phulka-salad,"Grilled Chicken Breast with Hot Phulkas & Salad",non-veg,Chicken,Snacks,"Chicken Breast (Grilled / Cooked)","Chicken Breast (Grilled / Cooked); Chapati / Phulka",recipe-images/grilled-chicken-phulka-salad/v1/{sha256}.webp
3e840027-0420-45ab-978b-e7295eeb7f25,grilled-chicken-steamed-rice,"Grilled Chicken Breast with Steamed Basmati Rice",non-veg,Chicken,Main Course,"Chicken Breast (Grilled / Cooked)","White Rice (Steamed); Chicken Breast (Grilled / Cooked)",recipe-images/grilled-chicken-steamed-rice/v1/{sha256}.webp
d978d48a-03e5-4f6e-92f3-444c4c12d30a,grilled-chicken-sweet-corn-salad,"Grilled Chicken Breast with Sweet Corn & Cucumber",non-veg,Chicken,Main Course,"Chicken Breast (Grilled / Cooked)","Fresh Cucumber; Boiled Sweet Corn; Chicken Breast (Grilled / Cooked)",recipe-images/grilled-chicken-sweet-corn-salad/v1/{sha256}.webp
11249457-0388-4b63-9c2b-65c67dceb936,grilled-fish-brown-rice-broccoli,"Grilled Fish with Brown Rice & Broccoli",non-veg,Fish,Main Course,"Grilled Fish / Fish Fry","Grilled Fish / Fish Fry; Brown Rice (Cooked); Boiled Broccoli",recipe-images/grilled-fish-brown-rice-broccoli/v1/{sha256}.webp
80afe81c-f01e-4c41-a055-e6c6e70d9669,grilled-fish-phulka-salad,"Grilled Fish Fry with Hot Phulkas & Salad",non-veg,Fish,Snacks,"Grilled Fish / Fish Fry","Grilled Fish / Fish Fry; Chapati / Phulka",recipe-images/grilled-fish-phulka-salad/v1/{sha256}.webp
7147d0d7-716c-4a03-8f31-3c1fcdecfa6d,grilled-fish-steamed-rice,"Grilled Fish Fry with Steamed Basmati Rice",non-veg,Fish,Main Course,"Grilled Fish / Fish Fry","White Rice (Steamed); Grilled Fish / Fish Fry",recipe-images/grilled-fish-steamed-rice/v1/{sha256}.webp
1c3b9c09-cf1a-4400-b557-1d2fd60044b2,grilled-paneer-sweet-potato,"Grilled Paneer Tikka with Boiled Sweet Potato",vegetarian,Vegetarian,Main Course,"Grilled Paneer / Paneer Tikka","Grilled Paneer / Paneer Tikka; Boiled Sweet Potato",recipe-images/grilled-paneer-sweet-potato/v1/{sha256}.webp
dc4d8b12-270b-47e1-a97a-c847537a4587,grilled-paneer-tikka-salad,"Grilled Paneer Tikka with Green Mint Salad",vegetarian,Vegetarian,Snacks,"Grilled Paneer / Paneer Tikka","Green Salad with Lemon; Grilled Paneer / Paneer Tikka",recipe-images/grilled-paneer-tikka-salad/v1/{sha256}.webp
3e72bb74-185e-4c80-a7e1-c16bf8e8bb85,grilled-salmon-brown-rice-veggies,"Grilled Salmon with Brown Rice & Broccoli",non-veg,Fish,Main Course,"Grilled Salmon","Brown Rice (Cooked); Grilled Salmon; Boiled Broccoli",recipe-images/grilled-salmon-brown-rice-veggies/v1/{sha256}.webp
fc788e94-1376-415c-8628-08cab62c6dd3,grilled-salmon-steamed-rice,"Grilled Salmon with Steamed Rice & Salad",non-veg,Fish,Snacks,"Grilled Salmon","Grilled Salmon; White Rice (Steamed)",recipe-images/grilled-salmon-steamed-rice/v1/{sha256}.webp
612c4eac-d9aa-4884-bb65-7ade2d555006,grilled-salmon-sweet-potato,"Grilled Salmon with Sweet Potato & Salad",non-veg,Fish,Snacks,"Grilled Salmon","Boiled Sweet Potato; Grilled Salmon",recipe-images/grilled-salmon-sweet-potato/v1/{sha256}.webp
0a101ce2-2f9d-4499-bd3a-605bb3157b6f,homestyle-chicken-curry-phulka,"Homestyle Chicken Curry with Hot Phulkas",non-veg,Chicken,Main Course,"Chicken Curry (Home Style)","Chicken Curry (Home Style); Chapati / Phulka",recipe-images/homestyle-chicken-curry-phulka/v1/{sha256}.webp
e2c005c8-5bc7-47d9-a142-de72460124b3,homestyle-chicken-curry-rice,"Homestyle Chicken Curry with Steamed White Rice",non-veg,Chicken,Main Course,"Chicken Curry (Home Style)","White Rice (Steamed); Chicken Curry (Home Style)",recipe-images/homestyle-chicken-curry-rice/v1/{sha256}.webp
90cb6144-bc69-4c7a-96c2-0099cbd6439e,homestyle-egg-curry-phulka,"Homestyle Egg Curry with Hot Phulkas & Salad",eggetarian,Eggetarian,Snacks,"Egg Curry (2 Eggs)","Chapati / Phulka; Egg Curry (2 Eggs)",recipe-images/homestyle-egg-curry-phulka/v1/{sha256}.webp
6852a2e5-1ada-40d2-94fb-5f39382b98b5,homestyle-egg-curry-rice,"Homestyle Egg Curry with Steamed White Rice",eggetarian,Eggetarian,Main Course,"Egg Curry (2 Eggs)","Egg Curry (2 Eggs); White Rice (Steamed)",recipe-images/homestyle-egg-curry-rice/v1/{sha256}.webp
4087e961-02ed-4e69-8008-fc076e81e84a,homestyle-mutton-curry-jeera-rice,"Homestyle Mutton Curry with Jeera Rice",non-veg,Other Non-Veg,Main Course,"Mutton Curry","Mutton Curry; Jeera Rice",recipe-images/homestyle-mutton-curry-jeera-rice/v1/{sha256}.webp
a3bfda7f-f1b5-4580-a875-24f0542448f2,homestyle-mutton-curry-phulka,"Homestyle Mutton Curry with Hot Phulkas",non-veg,Other Non-Veg,Main Course,"Mutton Curry","Chapati / Phulka; Mutton Curry",recipe-images/homestyle-mutton-curry-phulka/v1/{sha256}.webp
f314ce5d-f839-440b-a6a4-b28c493feecc,homestyle-mutton-curry-rice,"Homestyle Mutton Curry with Steamed Rice",non-veg,Other Non-Veg,Main Course,"Mutton Curry","Mutton Curry; White Rice (Steamed)",recipe-images/homestyle-mutton-curry-rice/v1/{sha256}.webp
d588a85b-e80b-4885-bb5a-c8f6d3aef52d,hostel-kettle-boiled-eggs-bread,"Hostel Boiled Eggs with Brown Bread & Chai",eggetarian,Eggetarian,Breakfast,"Boiled Egg (Whole)","Boiled Egg (Whole); Brown Bread",recipe-images/hostel-kettle-boiled-eggs-bread/v1/{sha256}.webp
9e8ec7d7-b171-41a6-8f86-e7bcc8b82cb1,hostel-kettle-boiled-eggs-oats,"Hostel Kettle Boiled Eggs with Masala Oats",eggetarian,Eggetarian,Breakfast,"Boiled Egg (Whole)","Masala Oats; Boiled Egg (Whole)",recipe-images/hostel-kettle-boiled-eggs-oats/v1/{sha256}.webp
c95428b8-8b18-4a30-ade5-c9199db9c739,jain-khichdi-ghee-curd,"Jain Moong Dal Khichdi with Ghee & Low Fat Curd",vegetarian,Vegetarian,Main Course,"Moong Dal Khichdi","Moong Dal Khichdi; Low Fat Curd / Dahi",recipe-images/jain-khichdi-ghee-curd/v1/{sha256}.webp
c2a37750-9e55-4f81-a825-ba216c03ae98,jain-paneer-curry-phulka,"Jain Fresh Paneer Curry with Phulkas & Curd",vegetarian,Vegetarian,Main Course,"Fresh Paneer (Raw)","Curd / Dahi (Plain); Chapati / Phulka",recipe-images/jain-paneer-curry-phulka/v1/{sha256}.webp
b940a63a-d3a6-4da4-860e-0d6112272eee,jain-steamed-idli-curd,"Jain Steamed Idlis with Fresh Low Fat Curd",vegetarian,Vegetarian,Breakfast,"Low Fat Curd / Dahi","Idli; Low Fat Curd / Dahi",recipe-images/jain-steamed-idli-curd/v1/{sha256}.webp
8f8cb3fa-7897-4807-ac6d-d2fd1fc52fe6,jain-yellow-dal-jeera-rice,"Jain Yellow Moong Dal with Jeera Rice",vegetarian,Vegetarian,Main Course,"Yellow Moong Dal","Jeera Rice; Yellow Moong Dal",recipe-images/jain-yellow-dal-jeera-rice/v1/{sha256}.webp
6cf06665-559d-4c4d-b900-fa2f07277317,kadai-paneer-phulka,"Kadai Paneer with Fresh Phulkas",vegetarian,Vegetarian,Main Course,"Kadai Paneer","Kadai Paneer; Chapati / Phulka",recipe-images/kadai-paneer-phulka/v1/{sha256}.webp
af83089c-f31a-4911-99a6-a9c0152a7ad4,kadai-paneer-rice,"Kadai Paneer with Jeera Rice",vegetarian,Vegetarian,Main Course,"Kadai Paneer","Jeera Rice; Kadai Paneer",recipe-images/kadai-paneer-rice/v1/{sha256}.webp
a1c89baa-505a-44fc-a445-a94c0a88fec4,kala-chana-curry-phulka,"Kala Chana Curry with Phulkas & Salad",vegan,Vegan,Snacks,"Kala Chana Curry","Kala Chana Curry; Chapati / Phulka",recipe-images/kala-chana-curry-phulka/v1/{sha256}.webp
9023de78-a20e-45bf-98f2-1a23292f6525,kala-chana-curry-rice,"Kala Chana Curry with Steamed Brown Rice",vegan,Vegan,Main Course,"Kala Chana Curry","Kala Chana Curry; Brown Rice (Cooked)",recipe-images/kala-chana-curry-rice/v1/{sha256}.webp
b0a1d0fb-73ea-4579-8f34-cb08dc1c1df4,kala-chana-paneer-phulka,"Kala Chana Curry with Fresh Paneer & Multigrain Roti",vegetarian,Vegetarian,Main Course,"Fresh Paneer (Raw)","Kala Chana Curry; Multigrain Roti",recipe-images/kala-chana-paneer-phulka/v1/{sha256}.webp
941e940b-d707-40ab-9792-54f8ff388a8b,lemon-peanut-rice,"Tangy Lemon Peanut Rice with Steamed Carrots",vegan,Vegan,Snacks,"Roasted Peanuts","Lemon Rice; Raw Carrots",recipe-images/lemon-peanut-rice/v1/{sha256}.webp
0fd925d0-2c07-4464-a514-13e4c925ec95,lobia-masala-phulka,"Lobia Masala with Hot Phulkas",vegan,Vegan,Main Course,"Lobia (Black Eyed Peas Curry)","Chapati / Phulka; Lobia (Black Eyed Peas Curry)",recipe-images/lobia-masala-phulka/v1/{sha256}.webp
2d3381dc-5a8d-4c1a-8ad1-134318cfa2da,lobia-masala-rice,"Lobia (Black Eyed Peas) with Steamed Rice",vegan,Vegan,Main Course,"Lobia (Black Eyed Peas Curry)","Lobia (Black Eyed Peas Curry); White Rice (Steamed)",recipe-images/lobia-masala-rice/v1/{sha256}.webp
811761df-e730-49ba-93b5-a39575590661,low-fat-curd-pomegranate,"Low Fat Curd with Fresh Pomegranate Seeds",vegetarian,Vegetarian,Main Course,"Low Fat Curd / Dahi","Low Fat Curd / Dahi; Pomegranate (Anar)",recipe-images/low-fat-curd-pomegranate/v1/{sha256}.webp
00e46fc8-3a00-4003-974e-1c5efb696b70,low-fat-paneer-bhurji-roti,"Low Fat Paneer Bhurji with Multigrain Roti",vegetarian,Vegetarian,Main Course,"Low Fat Paneer","Multigrain Roti; Low Fat Paneer",recipe-images/low-fat-paneer-bhurji-roti/v1/{sha256}.webp
69697d60-46bb-425e-905f-af841f648419,low-fat-paneer-quinoa-broccoli,"Low Fat Paneer with Steamed Quinoa & Broccoli",vegetarian,Vegetarian,Main Course,"Low Fat Paneer","Low Fat Paneer; Boiled Broccoli; Quinoa (Cooked)",recipe-images/low-fat-paneer-quinoa-broccoli/v1/{sha256}.webp
541b4950-1793-4ce4-86b2-81878d160217,masala-chai-wheat-toast,"Indian Chai with Milk & Whole Wheat Bread",vegetarian,Vegetarian,Drinks / Sides,"Indian Chai with Milk","Indian Chai with Milk; Whole Wheat Bread",recipe-images/masala-chai-wheat-toast/v1/{sha256}.webp
dd680986-7781-4cfd-9fb7-c3184847f55f,masala-dosa-curd,"Masala Dosa with Fresh Curd",vegetarian,Vegetarian,Breakfast,"Curd / Dahi (Plain)","Curd / Dahi (Plain); Masala Dosa",recipe-images/masala-dosa-curd/v1/{sha256}.webp
147de60e-4d92-4afd-806e-0824e0864957,masala-oats-veggies,"Savory Masala Oats with Steamed Broccoli",vegan,Vegan,Breakfast,"Masala Oats","Boiled Broccoli; Masala Oats",recipe-images/masala-oats-veggies/v1/{sha256}.webp
d98056ae-1b71-496d-b28b-965eaab4fd62,masoor-dal-phulka,"Masoor Dal Tadka with Multigrain Roti",vegan,Vegan,Main Course,"Masoor Dal (Red Lentil)","Multigrain Roti; Masoor Dal (Red Lentil)",recipe-images/masoor-dal-phulka/v1/{sha256}.webp
6afb691c-ed3d-4d9a-babf-e21ea4bfd1b4,masoor-dal-rice,"Masoor Dal with Steamed Brown Rice",vegan,Vegan,Main Course,"Masoor Dal (Red Lentil)","Masoor Dal (Red Lentil); Brown Rice (Cooked)",recipe-images/masoor-dal-rice/v1/{sha256}.webp
895cce2d-5d76-45bf-ab6d-f7434c6c6588,matar-paneer-phulka,"Matar Paneer with Multigrain Roti",vegetarian,Vegetarian,Main Course,"Matar Paneer","Matar Paneer; Multigrain Roti",recipe-images/matar-paneer-phulka/v1/{sha256}.webp
1c35d5f7-ea56-499a-83bb-9dad0d9d5d09,matar-paneer-steamed-rice,"Matar Paneer with Steamed Basmati Rice",vegetarian,Vegetarian,Main Course,"Matar Paneer","White Rice (Steamed); Matar Paneer",recipe-images/matar-paneer-steamed-rice/v1/{sha256}.webp
526fff29-a53f-4410-85b2-2e5c9c55caef,mixed-veg-paneer-bhurji-phulka,"Mixed Vegetable Sabzi with Paneer Bhurji & Phulka",vegetarian,Vegetarian,Main Course,"Paneer Bhurji","Chapati / Phulka; Mixed Vegetable Sabzi; Paneer Bhurji",recipe-images/mixed-veg-paneer-bhurji-phulka/v1/{sha256}.webp
ec5294f3-fa91-4fde-b9de-6d5a27c90158,mixed-veg-sabzi-phulka,"Mixed Vegetable Sabzi with Phulkas & Moong Sprouts",vegan,Vegan,Snacks,"Moong Sprouts Salad","Chapati / Phulka; Mixed Vegetable Sabzi; Moong Sprouts Salad",recipe-images/mixed-veg-sabzi-phulka/v1/{sha256}.webp
d2be4f41-f659-4f0c-83ae-84cfe1e606df,moong-dal-cheela-paneer,"Moong Dal Cheela with Fresh Paneer",vegetarian,Vegetarian,Breakfast,"Fresh Paneer (Raw)","Moong Dal Cheela",recipe-images/moong-dal-cheela-paneer/v1/{sha256}.webp
66407ce6-e1bc-4d9d-8feb-9df61d4a71d1,moong-dal-khichdi-ghee-dahi,"Moong Dal Khichdi with Desi Ghee & Fresh Curd",vegetarian,Vegetarian,Main Course,"Moong Dal Khichdi","Moong Dal Khichdi; Curd / Dahi (Plain)",recipe-images/moong-dal-khichdi-ghee-dahi/v1/{sha256}.webp
b3ef8f68-f6be-439d-b547-03b813322286,mushroom-masala-curd-rice,"Mushroom Masala with Steamed Rice & Plain Curd",vegetarian,Vegetarian,Main Course,"Curd / Dahi (Plain)","Curd / Dahi (Plain); Mushroom Masala; White Rice (Steamed)",recipe-images/mushroom-masala-curd-rice/v1/{sha256}.webp
c31e4edf-2b5f-4ea8-a8d2-7239c7f1378d,mushroom-masala-paneer-roti,"Mushroom Masala with Low Fat Paneer & Multigrain Roti",vegetarian,Vegetarian,Main Course,"Low Fat Paneer","Mushroom Masala; Low Fat Paneer; Multigrain Roti",recipe-images/mushroom-masala-paneer-roti/v1/{sha256}.webp
04f26396-7c69-4ef4-877c-c7b953609835,mushroom-masala-rice,"Mushroom Masala with Steamed White Rice",vegan,Vegan,Main Course,"Mushroom Masala","White Rice (Steamed); Mushroom Masala",recipe-images/mushroom-masala-rice/v1/{sha256}.webp
48a49b93-57fb-45c6-9f75-9cb1955b0769,oats-milk-almonds,"Oats Cooked in Toned Milk with Raw Almonds",vegetarian,Vegetarian,Breakfast,"Oats with Milk","Raw Almonds; Oats with Milk",recipe-images/oats-milk-almonds/v1/{sha256}.webp
541dbda6-16bf-4810-9695-8d7f87349963,overnight-oats-milk-chia,"Overnight Oats in Milk with Chia & Banana",vegetarian,Vegetarian,Breakfast,"Overnight Oats with Chia","Overnight Oats with Chia",recipe-images/overnight-oats-milk-chia/v1/{sha256}.webp
528f06f1-3d1d-487b-adad-5dfab9ebe111,overnight-oats-soy-milk,"Overnight Oats with Soy Milk & Chia",vegan,Vegan,Breakfast,"Soy Milk (Unsweetened)","Soy Milk (Unsweetened); Masala Oats",recipe-images/overnight-oats-soy-milk/v1/{sha256}.webp
6322e390-6c6c-46f8-88d8-fc8f702471bf,palak-paneer-jeera-rice,"Palak Paneer with Fragrant Jeera Rice",vegetarian,Vegetarian,Main Course,"Palak Paneer","Jeera Rice; Palak Paneer",recipe-images/palak-paneer-jeera-rice/v1/{sha256}.webp
5e73b639-c7ea-448d-9774-02c94a640ffa,paneer-bhurji-phulka,"Fresh Paneer Bhurji with Hot Phulkas",vegetarian,Vegetarian,Main Course,"Paneer Bhurji","Paneer Bhurji; Chapati / Phulka",recipe-images/paneer-bhurji-phulka/v1/{sha256}.webp
0641d194-ca96-4995-870c-d3bfc3ac3a32,paneer-butter-masala-phulka,"Homestyle Paneer Butter Masala with Hot Phulkas",vegetarian,Vegetarian,Main Course,"Paneer Butter Masala","Paneer Butter Masala",recipe-images/paneer-butter-masala-phulka/v1/{sha256}.webp
ae8dea8c-a6aa-467a-bd77-386337356e22,paneer-keema-style-phulka,"Minced Low Fat Paneer Curry with Hot Phulkas",vegetarian,Vegetarian,Main Course,"Low Fat Paneer","Chapati / Phulka; Low Fat Paneer",recipe-images/paneer-keema-style-phulka/v1/{sha256}.webp
c995a8b2-64db-4107-a081-792ed93b098c,paneer-paratha-curd,"Homestyle Paneer Paratha with Low Fat Curd",vegetarian,Vegetarian,Breakfast,"Paneer Paratha","Low Fat Curd / Dahi; Paneer Paratha",recipe-images/paneer-paratha-curd/v1/{sha256}.webp
c2da2644-504e-496d-8b95-2c0b62876a40,pb-toast-banana,"Peanut Butter Toast with Banana",vegan,Vegan,Breakfast,"Natural Peanut Butter","Banana; Whole Wheat Bread; Natural Peanut Butter",recipe-images/pb-toast-banana/v1/{sha256}.webp
8675e4da-461f-4a86-a363-c4b5841fa6e5,plain-dosa-sambar,"Crisp Plain Dosa with Sambar",vegan,Vegan,Breakfast,"Sambar","Plain Dosa; Sambar",recipe-images/plain-dosa-sambar/v1/{sha256}.webp
8dd57240-8812-43e4-a914-d03833386df6,poha-roasted-peanuts,"Homestyle Poha with Roasted Peanuts",vegan,Vegan,Breakfast,"Roasted Peanuts","Poha; Roasted Peanuts",recipe-images/poha-roasted-peanuts/v1/{sha256}.webp
7b821e00-dfe3-4ab6-b5ce-2413871ce2a3,prawns-masala-brown-rice,"Prawns Masala with Steamed Brown Rice",non-veg,Fish,Main Course,"Prawns Masala","Boiled Broccoli; Brown Rice (Cooked); Prawns Masala",recipe-images/prawns-masala-brown-rice/v1/{sha256}.webp
60121444-6530-4aa2-8ee1-9916454ebd5e,prawns-masala-jeera-rice,"Prawns Masala with Jeera Rice & Salad",non-veg,Fish,Snacks,"Prawns Masala","Prawns Masala; Jeera Rice",recipe-images/prawns-masala-jeera-rice/v1/{sha256}.webp
d9f65b72-1705-4d09-b49f-f6e6cbfc4308,prawns-masala-phulka,"Homestyle Prawns Masala with Hot Phulkas",non-veg,Fish,Main Course,"Prawns Masala","Prawns Masala; Chapati / Phulka",recipe-images/prawns-masala-phulka/v1/{sha256}.webp
ebc74006-0112-4b52-abd9-e52b9caa3d6b,prawns-masala-steamed-rice,"Spicy Prawns Masala with Steamed Rice",non-veg,Fish,Main Course,"Prawns Masala","Prawns Masala; White Rice (Steamed)",recipe-images/prawns-masala-steamed-rice/v1/{sha256}.webp
cb1cab6a-c00d-4693-ab10-3c2ac70f2b8c,punjabi-rajma-paneer-rice,"Punjabi Rajma with Steamed Rice & Low Fat Paneer",vegetarian,Vegetarian,Main Course,"Low Fat Paneer","White Rice (Steamed); Low Fat Paneer; Rajma (Kidney Beans Curry)",recipe-images/punjabi-rajma-paneer-rice/v1/{sha256}.webp
74a2481c-30f4-4f42-80ef-ce6b406363f7,punjabi-rajma-phulka,"Punjabi Rajma Masala with Hot Phulkas",vegan,Vegan,Main Course,"Rajma (Kidney Beans Curry)","Rajma (Kidney Beans Curry); Chapati / Phulka",recipe-images/punjabi-rajma-phulka/v1/{sha256}.webp
ba4f55fb-0648-4995-a85b-10e49bbab542,rasam-rice-paneer-bhurji,"South Indian Rasam Rice with Paneer Bhurji",vegetarian,Vegetarian,Main Course,"Paneer Bhurji","White Rice (Steamed); Rasam; Paneer Bhurji",recipe-images/rasam-rice-paneer-bhurji/v1/{sha256}.webp
4a30cadb-25e9-40c2-9f35-1e526ebf4f2d,rasam-rice-potato,"South Indian Rasam Rice with Boiled Potato",vegan,Vegan,Main Course,"Rasam","Rasam; White Rice (Steamed)",recipe-images/rasam-rice-potato/v1/{sha256}.webp
113dc1c1-dd1e-4387-90bf-95cc1f7c8b60,rava-dosa-curd,"Crisp Rava Dosa with Dahi & Sambar",vegetarian,Vegetarian,Breakfast,"Curd / Dahi (Plain)","Curd / Dahi (Plain); Rava Dosa",recipe-images/rava-dosa-curd/v1/{sha256}.webp
e3a57471-46e8-48c2-b0e0-d8ed0f511f54,raw-paneer-chaat,"Fresh Raw Paneer Cubes with Chaat Masala & Lemon",vegetarian,Vegetarian,Snacks,"Fresh Paneer (Raw)","Fresh Cucumber",recipe-images/raw-paneer-chaat/v1/{sha256}.webp
27797527-b45e-4f28-ad82-cc1cb9deefc6,roasted-chana-green-tea,"Roasted Chana & Green Tea Fitness Snack",vegan,Vegan,Snacks,"Roasted Chana (Dry Chickpeas)","Roasted Chana (Dry Chickpeas)",recipe-images/roasted-chana-green-tea/v1/{sha256}.webp
373daccb-3be4-46c1-8ddd-794e18d39867,roasted-makhana-black-coffee,"Roasted Makhana with Black Coffee",vegan,Vegan,Drinks / Sides,"Roasted Makhana (Fox Nuts)","Roasted Makhana (Fox Nuts)",recipe-images/roasted-makhana-black-coffee/v1/{sha256}.webp
91244e33-e557-411a-b0f6-d4f2ca98d273,sambar-rice-bowl,"South Indian Sambar Rice with Roasted Chana",vegan,Vegan,Snacks,"Roasted Chana (Dry Chickpeas)","Sambar Rice; Roasted Chana (Dry Chickpeas)",recipe-images/sambar-rice-bowl/v1/{sha256}.webp
f315a8db-2e94-4551-95a0-368d96a29000,sambar-rice-curd-salad,"Sambar Rice with Plain Curd & Green Salad",vegetarian,Vegetarian,Snacks,"Curd / Dahi (Plain)","Sambar Rice; Curd / Dahi (Plain)",recipe-images/sambar-rice-curd-salad/v1/{sha256}.webp
7363b66f-387b-489a-8db4-91828be6c939,scrambled-eggs-brown-toast,"Fluffy Scrambled Eggs with Brown Bread Toast",eggetarian,Eggetarian,Breakfast,"Scrambled Eggs","Scrambled Eggs; Brown Bread",recipe-images/scrambled-eggs-brown-toast/v1/{sha256}.webp
5a1ab01c-d8bb-427b-b812-71284b9d1c6f,scrambled-eggs-sweet-corn,"Scrambled Eggs with Steamed Sweet Corn & Cucumber",eggetarian,Eggetarian,Main Course,"Scrambled Eggs","Boiled Sweet Corn; Scrambled Eggs",recipe-images/scrambled-eggs-sweet-corn/v1/{sha256}.webp
a2dc2757-ae57-4b8f-adb3-cab10fe29085,set-dosa-dahi-sambar,"Set Dosa with Plain Curd & Sambar",vegetarian,Vegetarian,Breakfast,"Curd / Dahi (Plain)","Curd / Dahi (Plain); Set Dosa; Sambar",recipe-images/set-dosa-dahi-sambar/v1/{sha256}.webp
d008d285-3786-430b-904d-f101692d01c9,soy-milk-chia-smoothie,"Soy Milk & Chia Power Smoothie",vegan,Vegan,Drinks / Sides,"Soy Milk (Unsweetened)","Soy Milk (Unsweetened)",recipe-images/soy-milk-chia-smoothie/v1/{sha256}.webp
e0556adc-a388-4e82-98fb-41631f8e6cd5,soya-chaap-curry-phulka,"Soya Chaap Masala with Hot Phulkas",vegan,Vegan,Main Course,"Soya Chaap (Grilled / Masala)","Soya Chaap (Grilled / Masala); Chapati / Phulka",recipe-images/soya-chaap-curry-phulka/v1/{sha256}.webp
41ea21ae-93b4-4e3a-94c2-7ed8aac7b527,soya-chunks-curry-roti,"Soya Chunks Curry with Multigrain Roti",vegan,Vegan,Main Course,"Soya Chunks Curry (Cooked)","Multigrain Roti; Soya Chunks Curry (Cooked)",recipe-images/soya-chunks-curry-roti/v1/{sha256}.webp
d1059d08-98a2-4d43-8963-6019a2b1c7e5,spicy-egg-curry-multigrain-roti,"Dhaba-Style Egg Curry with Multigrain Roti",eggetarian,Eggetarian,Main Course,"Egg Curry (2 Eggs)","Multigrain Roti; Egg Curry (2 Eggs)",recipe-images/spicy-egg-curry-multigrain-roti/v1/{sha256}.webp
bc20ccb7-7f77-4e3d-a9f9-92be8fa3aa18,steamed-idli-sambar,"Steamed Idlis with Sambar",vegan,Vegan,Breakfast,"Sambar","Idli; Sambar",recipe-images/steamed-idli-sambar/v1/{sha256}.webp
fc60d55c-7d17-4dfd-8804-a37e0f7bd55f,steamed-sweet-corn-chaat,"Steamed Sweet Corn with Lemon & Chaat Masala",vegan,Vegan,Snacks,"Boiled Sweet Corn","Boiled Sweet Corn",recipe-images/steamed-sweet-corn-chaat/v1/{sha256}.webp
89f2900c-f3e2-40d4-a8b5-21fb68b6f79c,sweet-lassi-almonds,"Sweet Lassi with Roasted Almonds",vegetarian,Vegetarian,Drinks / Sides,"Sweet Lassi","Roasted Almonds; Sweet Lassi",recipe-images/sweet-lassi-almonds/v1/{sha256}.webp
67385188-3f92-4221-8b62-e0d0ec0749d5,sweet-potato-chaat,"Boiled Sweet Potato Chaat with Roasted Peanuts",vegan,Vegan,Snacks,"Roasted Peanuts","Boiled Sweet Potato; Roasted Peanuts",recipe-images/sweet-potato-chaat/v1/{sha256}.webp
c0783489-613f-4f8a-90f7-a7a86bab3eb7,tandoori-chicken-black-coffee,"Tandoori Chicken Breast with Black Coffee",non-veg,Chicken,Drinks / Sides,"Tandoori Chicken","Tandoori Chicken; Black Coffee",recipe-images/tandoori-chicken-black-coffee/v1/{sha256}.webp
38d00cdb-a1f5-43a0-a846-0e23109770ce,tandoori-chicken-jeera-rice,"Tandoori Chicken with Fragrant Jeera Rice",non-veg,Chicken,Main Course,"Tandoori Chicken","Jeera Rice; Tandoori Chicken",recipe-images/tandoori-chicken-jeera-rice/v1/{sha256}.webp
69f78121-c3f1-4bb8-b22d-5549b65a0214,tandoori-chicken-sweet-potato,"Tandoori Chicken Breast with Boiled Sweet Potato",non-veg,Chicken,Main Course,"Tandoori Chicken","Tandoori Chicken; Boiled Sweet Potato",recipe-images/tandoori-chicken-sweet-potato/v1/{sha256}.webp
316c8df2-db1c-4281-bf59-5754a89a9aa1,tempeh-tikka-brown-rice,"Tempeh Stir Fry with Steamed Brown Rice & Spinach",vegan,Vegan,Main Course,"Tempeh","Brown Rice (Cooked); Tempeh",recipe-images/tempeh-tikka-brown-rice/v1/{sha256}.webp
b3e84e66-289b-495e-88d2-c79110f4c60d,tofu-matar-curry-rice,"Tofu & Green Peas Curry with Steamed Rice",vegan,Vegan,Main Course,"Tofu (Firm)","Tofu (Firm); Green Peas (Matar); White Rice (Steamed)",recipe-images/tofu-matar-curry-rice/v1/{sha256}.webp
6d6532c4-015c-44a6-b27d-d2c79424e5d0,tofu-scramble-brown-bread,"Spiced Tofu Scramble with Brown Bread Toast",vegan,Vegan,Breakfast,"Tofu Bhurji / Scramble","Brown Bread; Tofu Bhurji / Scramble",recipe-images/tofu-scramble-brown-bread/v1/{sha256}.webp
9ddab34e-1d36-45e6-bfc5-bfd5d754c761,tofu-scramble-phulka,"Indian Tofu Bhurji with Hot Phulkas",vegan,Vegan,Main Course,"Tofu Bhurji / Scramble","Chapati / Phulka; Tofu Bhurji / Scramble",recipe-images/tofu-scramble-phulka/v1/{sha256}.webp
65fe278a-52c1-4bfc-b67e-1f2b81acf895,toned-milk-raw-almonds,"Warm Toned Milk with Raw Almonds & Dates",vegetarian,Vegetarian,Drinks / Sides,"Toned Milk (3% Fat)","Raw Almonds; Toned Milk (3% Fat)",recipe-images/toned-milk-raw-almonds/v1/{sha256}.webp
4e26534a-7470-4ced-9c53-17e5445b8179,toor-dal-jeera-rice,"Toor Dal with Fragrant Jeera Rice",vegan,Vegan,Main Course,"Toor Dal (Arhar Dal)","Jeera Rice; Toor Dal (Arhar Dal)",recipe-images/toor-dal-jeera-rice/v1/{sha256}.webp
084c6703-8a7e-47b5-a12a-5b0aa95e3b1e,toor-dal-paneer-tikka-rice,"Toor Dal with Steamed Rice & Paneer Tikka",vegetarian,Vegetarian,Main Course,"Grilled Paneer / Paneer Tikka","White Rice (Steamed); Grilled Paneer / Paneer Tikka; Toor Dal (Arhar Dal)",recipe-images/toor-dal-paneer-tikka-rice/v1/{sha256}.webp
4da4dc85-6824-46a6-832f-b9ae165405a1,toor-dal-phulka,"Toor Dal with Hot Phulkas & Green Salad",vegan,Vegan,Snacks,"Toor Dal (Arhar Dal)","Chapati / Phulka; Toor Dal (Arhar Dal)",recipe-images/toor-dal-phulka/v1/{sha256}.webp
e3c31d44-444a-4f73-b2f3-7a0233867517,vegetable-daliya-bowl,"Homestyle Vegetable Daliya Bowl",vegan,Vegan,Main Course,"Vegetable Daliya","Vegetable Daliya",recipe-images/vegetable-daliya-bowl/v1/{sha256}.webp
a1d4020f-d954-4df4-bf1f-15f87f13e2af,vegetable-daliya-ghee,"Vegetable Daliya with Desi Ghee & Curd",vegetarian,Vegetarian,Main Course,"Curd / Dahi (Plain)","Vegetable Daliya; Curd / Dahi (Plain)",recipe-images/vegetable-daliya-ghee/v1/{sha256}.webp
8640f778-9bcd-402b-910f-57be3a93d0fa,vegetable-upma,"Vegetable Upma with Steamed Peas",vegan,Vegan,Breakfast,"Green Peas (Matar)","Upma; Green Peas (Matar)",recipe-images/vegetable-upma/v1/{sha256}.webp
039ccffc-7a22-44bb-abc2-9d784ee4f327,ven-pongal-sambar,"South Indian Ven Pongal with Sambar",vegetarian,Vegetarian,Main Course,"Ven Pongal","Sambar; Ven Pongal",recipe-images/ven-pongal-sambar/v1/{sha256}.webp
42ea346e-39ca-49f0-8d5a-8d95eaed17e1,yellow-dal-paneer-bhurji-roti,"Yellow Moong Dal with Paneer Bhurji & Multigrain Roti",vegetarian,Vegetarian,Main Course,"Paneer Bhurji","Yellow Moong Dal; Paneer Bhurji; Multigrain Roti",recipe-images/yellow-dal-paneer-bhurji-roti/v1/{sha256}.webp
8d51d875-5458-4a18-99f3-b0273d9012d9,yellow-moong-dal-phulka,"Yellow Moong Dal with Phulkas & Cucumber Salad",vegan,Vegan,Snacks,"Yellow Moong Dal","Yellow Moong Dal; Chapati / Phulka",recipe-images/yellow-moong-dal-phulka/v1/{sha256}.webp
e324b98a-48c9-4f54-99ff-65ac92706573,yellow-moong-dal-rice,"Yellow Moong Dal with Steamed White Rice",vegan,Vegan,Main Course,"Yellow Moong Dal","Yellow Moong Dal; White Rice (Steamed)",recipe-images/yellow-moong-dal-rice/v1/{sha256}.webp
