recipe_slug,recipe_name,diet_category,production_category,meal_type_category,primary_protein,visible_primary_food,visible_side_items,serving_vessel,camera_angle,lighting,must_appear,must_not_appear,diet_constraints,notes
dal-fry-paneer-rice,"Dal Fry with Steamed Rice & Fresh Paneer",vegetarian,Vegetarian,Main Course,"Fresh Paneer (Raw)","Yellow dal fry with fragrant cumin tempering in a ceramic bowl","Steamed long-grain basmati rice and diced fresh white paneer cubes","Dark matte ceramic dinner plate with small matching bowl","35-degree slightly elevated side angle","Soft natural side daylight with subtle appetizing warmth","Yellow dal fry; Steamed white rice; Fresh paneer cubes","Roti; Naan; Chicken; Meat; Fish; Eggs; Utensils blocking food","Vegetarian (Lacto-vegetarian)","Authentic Indian homestyle plating, natural textures, no neon artificial yellow."
chole-paneer-paratha,"Chole Masala with Paneer Paratha & Curd",vegetarian,Vegetarian,Breakfast,"Paneer Paratha","Golden-brown griddled paneer paratha (whole wheat flatbread stuffed with spiced grated paneer) and Punjabi chole masala in a bowl","Small bowl of plain white fresh curd (dahi)","Rustic dark ceramic plate and small ceramic katoris","40-degree elevated angle","Warm diffused morning daylight","Chole masala (chickpeas in spiced gravy); Paneer paratha; Plain curd / dahi","Rice; Puri; Bhatura; Meat; Eggs; Excessive oil pools","Vegetarian","Classic North Indian nutritious breakfast/lunch, realistic portions."
chana-dal-paneer-phulka,"Chana Dal Curry with Fresh Paneer & Phulkas",vegetarian,Vegetarian,Main Course,"Fresh Paneer (Raw)","Golden chana dal (split Bengal gram curry) in a bowl, 2 thin soft whole wheat phulkas","Neat fresh soft paneer cubes","Dark ceramic plate with matching ceramic bowl","35-degree angle","Directional soft natural window light","Chana dal curry; Phulkas / chapatis; Fresh paneer cubes","Rice; Naan; Chicken; Mutton; Eggs; Greasy sauce splatter","Vegetarian","Wholesome balanced Indian homestyle meal."
punjabi-rajma-curd-phulka,"Punjabi Rajma with Phulkas & Low Fat Curd",vegetarian,Vegetarian,Main Course,"Rajma (Kidney Beans Curry)","Rich dark-red Punjabi rajma (kidney bean curry) in a ceramic bowl, 2 thin soft phulkas","Small bowl of chilled white plain curd (dahi)","Matte ceramic dish and small bowl","40-degree angle","Natural soft kitchen daylight","Rajma (kidney bean curry); Phulkas / chapatis; Plain curd / dahi","Rice; Naan; Meat; Eggs; Fried sides","Vegetarian","Ensure whole kidney beans are clearly visible in the rich curry."
high-protein-veg-thali,"High-Protein Veg Thali (Dal, Paneer Bhurji, Phulkas & Dahi)",vegetarian,Vegetarian,Main Course,"Paneer Bhurji","Indian fitness veg thali platter: spiced scrambled paneer bhurji, yellow dal tadka in a bowl, 2 thin whole wheat phulkas","Small bowl of fresh plain dahi (curd)","Modern dark round thali platter with small ceramic katoris","45-degree angle","Soft natural overhead-side daylight","Paneer bhurji (scrambled paneer); Yellow dal tadka; Phulkas; Plain dahi / curd","Rice; Samosa; Sweets; Meat; Eggs; Shiny metal glare","Vegetarian","Clean modern fitness thali presentation, well-defined portions."
moong-dal-cheela-tomato,"Moong Dal Cheela with Fresh Tomato & Salad",vegan,Vegan,Breakfast,"Moong Dal Cheela","2-3 thin golden-yellow savoury moong dal cheelas (yellow lentil crepes) folded neatly","Fresh sliced red tomatoes and crisp cucumber rounds","Flat dark ceramic breakfast plate","35-degree angle","Diffused morning natural light","Moong dal cheela (yellow savoury crepes); Fresh tomato slices; Cucumber slices","Paneer; Cheese; Curd; Eggs; Meat; Butter","100% Vegan (Plant-based)","Pure vegan protein breakfast crepe, healthy and appetizing."
soya-chunks-curry-rice,"Soya Chunks Curry with Steamed Rice",vegan,Vegan,Main Course,"Soya Chunks Curry (Cooked)","Spiced Indian soya chunks (meal maker) curry with plump textured soya nuggets in tomato-onion gravy","Fluffy steamed long-grain white basmati rice","Shallow dark ceramic bowl or dinner plate","40-degree angle","Soft warm natural lighting","Soya chunks curry (visible textured soya nuggets); Steamed white rice","Paneer; Chicken; Mutton; Curd; Dairy; Eggs; Roti","100% Vegan","Authentic plant-based soya nuggets, distinct textured shape."
soya-chunks-bhurji-roti,"Soya Chunks Bhurji with Multigrain Roti",vegan,Vegan,Main Course,"Soya Chunks (Raw / Dry)","Spiced minced soya chunks bhurji (scrambled plant-based soya granules sauteed with onions, tomatoes, and herbs)","2 warm multigrain rotis","Dark matte stoneware plate","35-degree angle","Warm diffused side daylight","Soya chunks bhurji (scrambled soya granules); Multigrain rotis","Egg scramble; Paneer; Butter; Cheese; Meat; Rice","100% Vegan","Clearly plant-based textured soya scramble, distinct from eggs."
moong-sprouts-chaat,"Fresh Moong Sprouts Salad with Lemon & Tomato",vegan,Vegan,Snacks,"Moong Sprouts Salad","Vibrant bowl of fresh green sprouted moong beans tossed with finely chopped tomatoes, cucumber, green chillies, and cilantro","Lemon wedge and light sprinkle of crunchy roasted peanuts","Shallow dark ceramic bowl","45-degree angle","Crisp, bright natural daylight","Sprouted green moong beans (with tails); Diced tomatoes; Lemon wedge; Roasted peanuts","Cooked dal; Curd; Cheese; Boiled potato; Meat; Eggs","100% Vegan","Fresh raw fitness snack, vibrant colors and healthy crisp textures."
besan-cheela-cucumber,"Besan Cheela with Fresh Cucumber",vegan,Vegan,Breakfast,"Besan Cheela","2-3 golden-orange savory besan cheelas (gram flour pancakes) folded neatly","Crisp freshly sliced green cucumber rounds","Matte ceramic breakfast plate","35-degree angle","Soft morning natural daylight","Besan cheela (gram flour savoury pancakes); Fresh cucumber slices","Paneer filling; Cheese; Butter; Eggs; Meat; Bread","100% Vegan","Traditional nutritious Indian vegan breakfast."
bread-omelette-homestyle,"Indian Street-Style Bread Omelette",eggetarian,Eggetarian,Breakfast,"Bread Omelette","Indian street-style golden egg omelette enveloping whole wheat / brown bread slices, cut diagonally","Lightly toasted crust edges with finely chopped onions and green chillies in the omelette fold","Dark ceramic breakfast plate","35-degree angle","Warm natural morning daylight","Folded spiced egg omelette with bread inside, cut diagonally; Herbs and onions","Bacon; Sausage; Cheese oozing; French fries; Meat patties","Eggetarian (Eggs allowed, no meat)","Authentic Indian masala bread omelette, appetizing golden finish."
boiled-eggs-toor-dal-rice,"Boiled Eggs with Toor Dal & Steamed Rice",eggetarian,Eggetarian,Main Course,"Boiled Egg (Whole)","2 hard-boiled eggs halved neatly displaying bright yellow cooked yolks, comforting yellow toor dal in a bowl","Mound of fluffy steamed long-grain basmati rice","Dark ceramic plate with small ceramic bowl","40-degree angle","Soft diffused daylight","Halved boiled eggs (visible yolks); Yellow toor dal; Steamed white rice","Roti; Chicken; Mutton; Fried eggs; Heavy curry","Eggetarian","Simple, wholesome high-protein Indian gym meal."
boiled-eggs-chole-masala-phulka,"Boiled Eggs with Chole Masala & Multigrain Roti",eggetarian,Eggetarian,Main Course,"Boiled Egg (Whole)","2 hard-boiled eggs halved neatly, rich spiced Punjabi chole (chickpea curry) in a bowl","2 warm multigrain rotis","Dark ceramic dinner plate and matching bowl","35-degree angle","Natural side daylight","Halved boiled eggs; Chole masala (chickpeas in gravy); Multigrain rotis","Rice; Bhatura; Chicken; Meat; Raw eggs","Eggetarian","High-protein fitness meal combining whole eggs, legumes, and complex grains."
boiled-eggs-dal-fry-rice,"Boiled Eggs with Dal Fry & Steamed White Rice",eggetarian,Eggetarian,Main Course,"Boiled Egg (Whole)","2 hard-boiled eggs halved neatly, aromatic yellow dal fry with tadka in a bowl","Fluffy steamed white basmati rice","Dark ceramic plate with small katori","40-degree angle","Diffused natural kitchen lighting","Halved boiled eggs; Yellow dal fry; Steamed white rice","Paneer; Roti; Chicken; Meat; Fish","Eggetarian","Clean home-cooked fitness meal."
egg-bhurji-dal-tadka-phulka,"Egg Bhurji with Yellow Dal Tadka & Phulkas",eggetarian,Eggetarian,Main Course,"Egg Bhurji (Indian Scramble)","Indian spiced egg bhurji (scrambled eggs with onions, tomatoes, green chillies, turmeric), yellow dal tadka in a bowl","2 soft puffed whole wheat phulkas","Dark ceramic dinner plate with small bowl","35-degree angle","Natural soft side daylight","Egg bhurji (Indian scrambled eggs); Yellow dal tadka; Phulkas / chapatis","Rice; Fried whole eggs; Boiled eggs; Chicken; Meat","Eggetarian","Authentic Indian egg bhurji texture, not Western scramble."
boiled-chicken-brown-toast,"Boiled Chicken Breast with Brown Bread Toast",non-veg,Chicken,Breakfast,"Boiled Chicken Breast","Tender sliced poached/boiled chicken breast seasoned with light herbs and freshly cracked black pepper","2 slices of crisp golden toasted brown bread","Clean dark ceramic breakfast plate","35-degree angle","Bright natural morning daylight","Sliced boiled chicken breast; Toasted brown bread","Cheese; Mayonnaise pools; Burger buns; French fries; Bacon","Non-Veg (Chicken)","Clean fitness meal aesthetic, visibly tender and moist chicken breast."
boiled-chicken-sweet-potato,"Boiled Chicken Breast with Sweet Potato",non-veg,Chicken,Main Course,"Boiled Chicken Breast","Tender steamed/boiled chicken breast cut into neat juicy slices, seasoned with herbs and pepper","Steamed orange sweet potato rounds / chunks","Dark matte ceramic shallow meal dish","40-degree angle","Soft natural daylight","Boiled chicken breast slices; Steamed sweet potato chunks/rounds","White potato french fries; Rice; Gravy; Cheese; Sauce pools","Non-Veg (Chicken)","Pure high-protein clean fitness meal."
chicken-breast-dal-tadka-rice,"Grilled Chicken Breast with Dal Tadka & Rice",non-veg,Chicken,Main Course,"Chicken Breast (Grilled / Cooked)","Indian-spiced grilled chicken breast sliced to show juicy interior, bowl of comforting yellow dal tadka","Fluffy steamed long-grain basmati rice","Dark ceramic dinner plate with small bowl","35-degree angle","Warm natural side daylight","Sliced grilled chicken breast; Yellow dal tadka; Steamed white rice","Roti; Bone-in whole tandoori chicken; Heavy butter gravy; Noodles","Non-Veg (Chicken)","Nutritious Indian gym meal combining lean chicken breast with homestyle staples."
chicken-curry-jeera-rice,"Chicken Curry with Fragrant Jeera Rice",non-veg,Chicken,Main Course,"Chicken Curry (Home Style)","Homestyle Indian chicken curry (tariwala chicken) in a ceramic bowl with tender chicken pieces in spiced onion-tomato gravy","Fragrant jeera rice (fluffy basmati rice tempered with toasted cumin seeds)","Shallow dark ceramic bowl or dinner plate","40-degree angle","Soft warm natural kitchen lighting","Indian chicken curry with chicken pieces; Jeera rice (cumin rice)","Western roast chicken; Naan; Noodles; Dry tandoori chicken","Non-Veg (Chicken)","Authentic homestyle Indian chicken curry and cumin rice."
fish-curry-jeera-rice,"Fish Curry with Fragrant Jeera Rice",non-veg,Fish,Main Course,"Fish Curry (Rohu / Indian Carp)","Indian coastal / homestyle fish curry with a tender fish steak/fillet in rich golden-red spiced curry","Fragrant jeera rice (basmati rice tempered with toasted cumin seeds)","Rustic shallow dark ceramic bowl","40-degree angle","Diffused natural daylight","Indian fish curry (tender fish piece in spiced gravy); Jeera rice (cumin rice)","Fried battered fish and chips; Chicken; Red meat; Bread; Noodles","Non-Veg (Fish / Pescatarian)","Authentic Indian fish curry, delicately cooked fish fillet."
